Naslov,Score,Komentarji,Vir
Congress creates a bill that will give NASA a great budget for 2016. Also hides the entirety of CISA in the bill.,10894,3230,wired.com
"Cop stops influential business man for DUI. While on scene he receives a call from local leader to let the man go and the city manager even shows up on scene. The cop refuses and proceeds with the arrest, now the cop and his superior are being threatened with loss of their jobs.",9709,3607,ktul.com
"It’s unconstitutional to ban the homeless from sleeping outside, the federal government says",9398,4570,washingtonpost.com
4 major cancer charities a sham: only donate 3% of 187 million to victims - all owned by one family,9116,2732,cnn.com
"An ‘unarmed’ white teen was shot dead by police. His family asks: Where is the outrage? -- Hammond’s family released the results of a private autopsy, which concluded that both bullets entered Hammond’s body from the back.",8934,6389,washingtonpost.com
"For-profit colleges like the University of Phoenix and ITT Tech are fighting new regulations requiring them to prove that students can find jobs after school: ""Students at for-profit institutions represent only 11% of college students but make up 44% of students who default on their loans""",8790,4272,mcclatchydc.com
"Turing Pharmaceuticals of New York raised the price of Daraprim from $13.50 per pill to $750 last month, shortly after purchasing exclusive rights to the drug.",8691,4708,usatoday.com
"An Alaska senior was quoted $65,000 for his dental work. He ended up flying and driving 3,700 miles to Mexico in order to get the entire operation done for $3,000.",8548,3899,hosted.ap.org
"""A music company’s demand that YouTube take down a 29-second home video of two children dancing to a song by Prince backfired Monday...in a 3-0 ruling that requires copyright-holders to consider fair use before sending a takedown notification. Those that fail to do so can be held liable for damages""",8531,2018,sfgate.com
American Medical Association backs prescription drug ad ban,8140,1797,bigstory.ap.org
Leaked Comcast docs prove 300GB data cap has nothing to do with network congestion,8120,2120,yahoo.com
The entire trip to Pluto costs less than the new Vikings stadium,8022,2372,minnesota.cbslocal.com
"Death of inmate ruled homicide: ""Over a dozen inmate witnesses said that as many as 20 officers repeatedly kicked and punched him.""",7996,2275,nytimes.com
"The copyright on the song ""Happy Birthday"" has been found to be invalid. The 100 year-old song is now in the public domain.",7993,2790,billboard.com
US to ban soaps and other products containing microbeads,7989,3356,theguardian.com
Police decline to release video of shooting of unarmed teen during marijuana bust. Police allegedly planted evidence and high-fived the dead victim.,7919,2286,postandcourier.com
"Costco will again stay closed on Thanksgiving this year, bucking the trend of retailers opening their doors earlier and earlier: ""We simply believe [our employees] deserve the opportunity to spend Thanksgiving with their families""",7780,4200,money.cnn.com
80 percent of Chicago PD dash-cam videos are missing audio due to ‘officer error’ or ‘intentional destruction’,7747,1999,washingtonpost.com
South Carolina officer shoots unarmed white teen during pot bust,7746,3470,cnn.com
Federal appeals court: Drug dog that’s barely more accurate than a coin flip is good enough,7734,2045,washingtonpost.com
"Police allegedly high five dead body of 19yo Zachary Hammond after fatal unarmed shooting, refuse to release dashcam footage",7703,2870,theguardian.com
"Farmer driving through Montana gets $16k (intended to buy tractor parts) seized by state troopers. Handler claimed K9 had a ""hit"" for narcotics but police found none and there were no resulting criminal charges. Seized money was used to train a new K9 unit.",7668,2894,trib.com
"Massachusetts: Police department offers heroin addicts amnesty, treatment: As of Thursday, police say, 104 addicts turned themselves in seeking help. All have been placed into drug treatment programs at a total cost of about $5,000 to the department",7646,876,bigstory.ap.org
"People caught illegally downloading Dallas Buyers Club have a big win in the Australian court, they only need to pay the cost of the movie plus a couple of dollars.",7612,1865,afr.com
Former Subway spokesman Jared Fogle to plead guilty to child pornography charges,7592,5720,fox59.com
Jimmy Carter: 'I would like the last Guinea worm to die before I do',7512,1379,pri.org
"Drug with rage-inducing &gt;5,000% price-hike now has $1/pill competitor",7461,3623,arstechnica.com
More than half of Americans have gone 12 months without a vacation,7447,5026,latimes.com
Divers find $4.5 million worth of Spanish gold coins in waist deep water less than 20 feet off the coast of Florida,7437,1321,wpxi.com
NYPD Cop Thrown In Psych Ward For Exposing Arrest Quotas Wins $600K,7435,1838,policestatedaily.com
Peanut company CEO sentenced to 28 years in prison for knowingly shipping salmonella-tainted peanuts that killed nine Americans,7406,2064,bigstory.ap.org
"FCC approves net neutrality rules, reclassifies broadband as a utility",7372,7223,engadget.com
Prosecutors move to exclude video of drug raid that shows cops laughing and pocketing cash. Suspect's property later found for sale on Craigslist.,7323,2207,triplicate.com
"Kansas statistician suing the state to obtain election records, says voting results don't add up.",7299,2428,kshb.com
Senior Associate Justice Antonin Scalia found dead at West Texas ranch,7292,13895,mysanantonio.com
"Consumer groups have slammed Microsoft for its policy of forced updates for Windows 10, which is hitting customers in remote locations with massive bill shocks by blowing out their data caps.",7272,3732,smh.com.au
A teenager has been hacked by a machete and buried alive by four US students,7270,5387,news.com.au
The U.S. Supreme Court rejects a bid by Nestle to throw out a lawsuit seeking to hold them liable for the use of child slaves to harvest cocoa.,7255,2225,trust.org
"New Jersey police officer, accused of exposing himself to young men he pulled over, allowed to plea down to disabling squad car camera, will not be placed on Sex Offender Registry",7249,850,nj.com
"California's Porter Ranch gas leak produces pollution equivalent of 4.3 million cars per day, has been leaking for 3 months",7234,1991,wallstreethedge.com
Dutch court revokes Scientology’s tax-exempt status,7230,1976,bluebelldigital.co.uk
"Contracts between police and city authorities, leaked after hackers breached the website of the country’s biggest law enforcement union, contain guarantees that disciplinary records and complaints made against officers are kept secret or even destroyed.",7190,1423,theguardian.com
Flint water crisis: American city is still charging residents up to $200 a month for contaminated 'toxic waste' water,7185,4403,independent.co.uk
Former President Jimmy Carter reveals he has cancer,7182,1767,cnbc.com
Chicago Police Have Been Sabotaging Their Dash Cams,7157,2525,nymag.com
"Jeff Mizanskey, the man sentenced to life in prison without parole for marijuana charges, to be free Sept. 1st.",7141,784,abc17news.com
Miami Police Union Smears Woman Who Posted Video of Cops Beating Man,7145,2029,miaminewtimes.com
"The FCC has Received Over 13,000 Complaints about Comcast’s Data Caps",7125,1525,cutcabletoday.com
"77 % of Americans believe that ""mandatory minimum prison sentences for non-violent drug offenders should be eliminated so that judges can make sentencing decisions on a case-by-case basis.""",7124,1279,washingtonpost.com
"Doctor facing 175 year sentence for falsely diagnosing roughly 533 healthy people with cancer and forcing them to receive chemotherapy, only to 'line his pockets' with money.",7117,2978,insider.foxnews.com
"In Flint, Mich., there’s so much lead in children’s blood that a state of emergency is declared",7078,2837,washingtonpost.com
"For defying no-call lists, Dish may be fined $24 billion",7057,2471,geekwire.com
*500 Homeless Mental Patients Now Proven To Have Been Given A Bus Pass To California By Nevada Government Program,7046,2538,sfexaminer.com
9-Year-Old Shot Dead in Ferguson While Sitting in Bed Doing Her Homework,7042,8671,people.com
Fox News 'terror expert' Wayne Simmons arrested for lying about 27-year career as CIA officer,7029,3462,abc.net.au
"Martin Shkreli, CEO Reviled for Drug Price Gouging, Arrested on Securities Fraud Charges",6988,3487,bloomberg.com
Yelp Now Has Court Permission to Change Business Ratings for Money. Don't Forget It.,6991,2225,sfweekly.com
Reddit's popular 'ask me anything' feature is down after a key employee (Victoria) is gone.,6986,4986,businessinsider.com.au
"The man who created the 5-hour Energy drink says he has more money than he needs—about $4 billion more. So he’s giving it away, spending his fortune on a quest to fix the world's biggest problems, including energy.",6978,2637,news.nationalgeographic.com
The official death count from the strongest hurricane ever measured in the Western Hemisphere: zero.,6976,2849,latimes.com
TSA failure: Investigators able to smuggle weapons past airport checks in 95 percent of tests,6967,4198,newsnet5.com
California won't enforce water rules for golf courses,6940,1902,desertsun.com
"Cops Seized Over $107,000 From Couple, Didn’t Charge Them With a Crime",6926,6092,ij.org
Ashley Madison Hack: Islamic preacher Hamza Tzortzis 'found' on leaked list,6927,2344,uk.news.yahoo.com
IRS Getting Pressured To Crack Down On Televangelists Following John Oliver’s Segment,6918,1874,washington.cbslocal.com
"Woman arrested for ""resisting arrest"" after putting on hazard lights and driving less than a mile to a lit parking lot for safety - which is exactly what the police themselves recommend.",6920,3488,nwitimes.com
Almost every top official in Texas city arrested in federal corruption case,6911,1140,latino.foxnews.com
Supporters of universal health care have gathered enough signatures to put on next year's ballot a plan to make Colorado the first state to opt out of the federal health law and replace it with taxpayer-funded coverage for all.,6897,3116,america.aljazeera.com
Man charged with felony for passing out jury rights fliers in front of courthouse,6877,4352,fox17online.com
LAPD Outfits Every Officer with Body Cameras,6871,1597,news.yahoo.com
"Curt Schilling suspended by ESPN after tweet comparing Muslims to Nazis: “It’s said only 5-10% of Muslims are extremists. In 1940, only 7% of Germans were Nazis. How’d that go?”",6862,5960,ew.com
Princeton Study: Congress literally doesn't care what you think,6843,2001,represent.us
Google Targets Fake 'Download' and 'Play' Buttons,6843,1588,torrentfreak.com
"Number of Ground Zero responders with 9/11-linked cancers hits 3,700",6831,1185,nypost.com
Ireland refuses to deport suspect to US because LA 'supermax' prison would be a 'cruel and unusual' punishment,6778,2067,touch.latimes.com
Reporter &amp; Crew shot on live tv. WDBJ7. Video in comments.,6780,23868,wdbj7.com
FBI admits Patriot Act snooping powers didn't crack any major terrorism cases.,6751,1877,washingtontimes.com
An Oklahoma prosecutor used seized funds from civil asset forfeiture to pay down student loans. Another lived rent-free in a seized house for years.,6753,1975,tulsaworld.com
Principal dies after pushing students out of way of bus,6712,1927,cnn.com
Judge rules on taxi industry lawsuit: Compete with Uber or die,6688,4996,crainsnewyork.com
"Consumers won't know meat origin after US ends labeling law: ""After more than a decade of wrangling, Congress repealed a labeling law last month that required retailers to include the animal's country of origin on packages of red meat.""",6676,3581,hosted.ap.org
"Report: ""Every Major US City East of the Mississippi” Is Underreporting Heavy Metals In Its Water",6681,2319,gizmodo.com
Orange County Police Officers Sue to Quash Video of Them Eating Cannabis Edibles During Raid of Medical Marijuana Dispensary,6673,2275,ocregister.com
"As Minimum Wages Rise, Restaurants Say No to Tips",6653,4771,nytimes.com
Former gang member fired by car dealership after local newspaper publishes success story about turning his life around,6627,1336,syracuse.com
"Unarmed, cooperating man shot in own home, ""The killing of John Geer is probably the clearest and most compelling example of what amounts to police impunity in recent American history.""",6620,3256,cbc.ca
Anti-Piracy Group Hits Indie Creators For Using the Word 'Pixels',6596,1082,torrentfreak.com
Drug War’s End: Oregon Is Expunging Pot Records,6563,1678,eastbayexpress.com
Man dies after being run over by WWII tank on Jelly Belly chairman's property,6549,1437,latimes.com
"Company that hiked drug price 5,000% now under antitrust probe",6547,745,wtkr.com
"Spokane, Washington will vacate all past misdemeanor marijuana possession convictions.",6540,1174,spokesman.com
U.S. marshal caught destroying camera of woman recording police,6540,2591,dailydot.com
Google passes Apple as most valuable company,6534,2542,cnbc.com
SeaWorld sees profits plunge 84% as customers desert controversial park,6511,989,theguardian.com
"Death of Patient Who Died After Being Restrained by MedStarHospital Security Because He Left Without 'Signing Out,' is Ruled a Homicide.",6516,1710,washingtonpost.com
"Texas company gives all 1,381 employees $100,000 bonuses for Christmas -- more than $138 million",6511,3174,knue.com
Judge bars Chicago police from testifying after they claim to have lost all videos of arrest due to multiple technical difficulties,6502,806,thenewspaper.com
ATM and overdraft fees top $6 billion at the big 3 banks,6505,4049,money.cnn.com
WikiLeaks reveals that TPP will force ISPs to hand over copyright infringer details,6505,3302,zdnet.com
Leaked Ashley Madison data shows Alabama leads nation in infidelity.,6503,1047,al.com
"44 Oil Executives and Truck Drivers Were Just Arrested for a Multimillion-Dollar Scam: ""Prosecutors said the trucks were equipped with ""diverter valves"" that gave fake readouts of how much oil each customer was being delivered""",6501,1218,news.yahoo.com
Texas high school student suspended after carrying classmate having an asthma attack to the nurse,6505,4768,11alive.com
Federal court tells the DEA to stop harassing medical marijuana providers,6489,1301,washingtonpost.com
Body-camera result: deputy who accused bus driver of profanity fired for dishonesty,6490,612,seattletimes.com
Route 29 Batman is killed after his batmobile breaks down along a Maryland highway,6488,822,washingtonpost.com
"Shots fired at Michael Brown's 1 year death anniversary in Ferguson, MO.",6476,6481,nytimes.com
A pack of wolves has been spotted in Northern California for the first time in nearly 100 years,6467,559,bbc.com
Death Penalty Given to Bangladeshi Students who hacked Athiest Blogger to Death with Machete,6447,3174,bbc.com
San Diego Police Department wants body cams on when guns come out after the second time in six months officers failed to turn on their body cameras during a deadly shooting,6447,2833,sandiegouniontribune.com
Two bills making their way through the Ohio statehouse would make it more difficult for law enforcement to keep cash and other property owned by innocent people that is seized during drug busts.,6440,602,mydaytondailynews.com
Tracy Morgan to host Saturday Night Live for first time since accident,6433,562,pix11.com
"Philly Passengers Pulled off Flight for Speaking Arabic. ""If that person doesn't feel safe, let them take the bus,"" Khalil said to a Southwest Airlines gate agent. ""We're American citizens just like everybody else.""",6427,5148,nbcsandiego.com
"Cancer patient loses his house when his son allegedly sells $20 of pot from the front porch to a confidential informant. Reporter discovers police are abusing civil forfeiture, an 18th century law designed to fight piracy, nationwide.",6421,895,pbs.org
"Massachusetts SWAT team raids wrong home, keeps woman naked for 10 minutes",6423,1288,masslive.com
"Law Enforcement Seizes $11,000 From 24-Year-Old at Airport Without Charging Him With a Crime",6420,5420,dailysignal.com
Man guarding Oklahoma 'Muslim-free' gun range accidentally drops weapon and shoots himself,6415,1792,dailyjournal.net
"Unprecedented Life Sentence Recommended for Peanut Executive, for knowingly shipping Salmonella-contaminated peanut butter",6419,2092,foodsafetymagazine.com
"One Day Later, Anonymous Already Takes Down 3,824 Pro-ISIS Twitter Accounts",6413,4943,news.softpedia.com
3-month-old methane leak in Southern California now a state of emergency,6419,1474,pbs.org
New York judge arrested by State Troopers for DUI on her way to court,6417,2065,klfy.com
"Boston cop sentenced ""to one year of probation and a fine of $5,000"" for tipping off gang members to federal investigation",6408,1244,justice.gov
"It's Not Just the Poor Who Can't Make Rent. New research from Harvard says that even renters with annual incomes of $45,000 face unaffordable rents in many cities, with potentially far-reaching effects.",6404,8734,nbcnews.com
"Digital surveillance 'worse than Orwell', says new UN privacy chief - Geneva convention for the Internet is needed",6408,659,theguardian.com
TSA failed to catch man with loaded gun on airplane.,6401,3601,wfla.com
50 hospitals found to charge uninsured patients more than 10 times actual cost of care,6383,3076,washingtonpost.com
An independent autopsy shows a Tennessee man died in Mississippi police custody because he was hog-tied for an extended period and not because he took LSD,6378,1795,nytimes.com
TSA airport screeners’ ability to detect weapons declared “pitiful”,6381,3214,arstechnica.com
Mormon Senator goes ahead with medical marijuana bill despite his church's objection.,6371,2096,kutv.com
Undercover Anti-Abortion Video Showed Images of Stillborn — Not Aborted — Fetus. The woman whose fetus is shown in the video believes that the Center for Medical Progress’ use of the image is illegal.,6350,2844,yahoo.com
Subway's Jared Fogle sentenced to 15.6 years,6357,8129,wthr.com
Video shows South Carolina police officer shoot fleeing unarmed black man eight times in the back,6345,11279,nytimes.com
New York City sets new record: no murders for 10 days | US news,6342,2771,theguardian.com
Michigan youth working against bill that lowers minimum wage for young adults: Proposed bill would let employers pay people under 20 less than minimum wage,6335,6937,mlive.com
NSA phone surveillance not authorized: U.S. appeals court,6320,1860,reuters.com
US Congress Tells Court That Congress Can't Be Investigated for Insider Trading,6313,1502,firstlook.org
"State Police caught on film making up charges for a protestor to ""cover their asses"".",6310,2633,courant.com
Netflix announced Tuesday that it’s allowing employees to take unlimited maternity or paternity leave during the first year after their child’s birth or adoption.,6304,3480,time.com
Who's Profiting From $1.2 Trillion of Federal Student Loans? “There is a large student-loan industrial complex. Rising costs of college and flat family incomes have created enormous business opportunity for every step of the loan process.”,6297,5208,bloomberg.com
"Whole Foods supermarkets have been routinely overcharging customers by overstating the weight of prepackaged meat, dairy and baked goods, New York City's consumer chief said Wednesday",6293,1426,bigstory.ap.org
"Colorado city pays $262,500 to family whose dog was killed by cop",6291,2877,denverpost.com
A pilot who ordered an emergency evacuation after smoke was detected coming from one of the jet's engines is suing Allegiant Air for firing him.,6283,1547,bigstory.ap.org
McConnell Introduces Bill to Reauthorize Patriot Act Until 2020. The move may thwart any attempt to reform the NSA’s mass-surveillance authorities,6289,2856,nationaljournal.com
Las Vegas bans sale of animals from puppy mills,6283,979,lasvegassun.com
"Bill would prevent airlines from imposing bathroom fee; “One thing they should never have to worry about is access to a bathroom,"" said Rep. Dan Lipinski (D-Ill.)",6285,2362,foxnews.com
"Former inmates at a privately run Nashville jail say they worked without pay building bean-bag ""cornhole"" games, plaques shaped like footballs, birdhouses and dog beds so that officials could sell them through their personal business at a flea market",6270,850,bigstory.ap.org
"Chicago Police found to be operating secret interrogation facility where people are shackled, denied attorney access, and beaten by police",6270,2428,theguardian.com
"243 Arrested, Charged with $712 Million in False Medicare Billings. Includes doctors, nurses, and other licensed professionals",6268,1203,fbi.gov
$750/pill pharma company reverses decision to lower drug price,6255,2520,arstechnica.com
"A Houston man has been sentenced to 50 years in prison for cruelty to animals, for his role in filming animal crush videos.",6254,4306,chron.com
"Time Warner Cable owes $229,500 to woman it would not stop calling",6257,1251,reuters.com
Harvard student loses Facebook internship after pointing out privacy flaws,6258,804,boston.com
CEO who raised price of old pill more than $700 calls journalist a ‘moron’ for asking why,6251,2398,washingtonpost.com
"Male student – expelled over ‘gray rape’ claim – can sue college, judge rules.",6254,2395,thecollegefix.com
‘Free-range’ parents plan to file lawsuit after police pick up children: “We must ask ourselves how we reached the point where a parent’s biggest fear is that government officials will literally seize our children off the streets as they walk in our neighborhoods”,6254,4404,washingtonpost.com
"The state of Michigan is ending its relationship with prison food vendor Aramark after two years of issues including maggots in the kitchen, the smuggling of drugs and other contraband by Aramark employees and Aramark workers engaging in sex acts with prisoners",6247,1887,lansingstatejournal.com
"Tesla opens up all patents ""maybe they were good long ago, but too often these days they serve merely to stifle progress, entrench the positions of giant corporations and enrich those in the legal profession""",6241,2043,teslamotors.com
Psych evaluations may be required for all police hires in Colorado,6239,1991,denverpost.com
Kentucky counties that banned alcohol have significantly higher meth problems,6230,1287,washingtonpost.com
CISA data-sharing bill passes Senate with no privacy protections,6229,2656,zdnet.com
75% in U.S. See Widespread Government Corruption,6228,2473,gallup.com
Beverly Hills fined for not conserving enough water in drought,6198,1738,reuters.com
"Investigation reveals Nestle extracts water from National Forest using expired permit, while cabin owners required to stop drawing water from a creek",6208,1292,desertsun.com
"State seizes 11-year-old, arrests his mother after he defends medical marijuana during a school presentation",6201,4818,washingtonpost.com
Two 13-year-old Wisconsin girls to be tried as adults in Slender Man stabbings.,6209,1762,washingtonpost.com
"Leader of Oregon occupation Ammon Bundy, three others arrested",6202,9655,news3lv.com
Upstate NY police seize $8.5 million in assets a year without having to prove a crime,6198,1306,syracuse.com
"Arlington Texas officials report on fracking fluid blowout. In the incident, 42,800 gallons of fracking fluid — boiling up from thousands of feet underground — spewed into the streets and into Arlington storm sewers and streams.",6202,3215,wfaa.com
"Senators blast Comcast, other cable firms for “unfair billing practices”",6188,962,arstechnica.com
King Abdullah II calls upon Muslims to lead the fight against terrorism,6188,1981,albawaba.com
Suit: Man held 20 hours after asking to file TSA complaint,6176,2927,wpxi.com
Chicago police unions fight to destroy decades of records before investigation,6163,1431,rockrivertimes.com
"France is ordering manufacturers to inform consumers how long they can expect their TV, cell phone or other appliance to last — before they buy it.",6162,1490,washingtonpost.com
Investigators from the U.S. Department of Labor discovered that a Kalamazoo restaurant was requiring wait staff to pay $2 an hour from tips to continue to work,6162,2949,wwmt.com
Facebook offshores $2.39 billion to Ireland in order to avoid tax - reports a gross loss in USA,6156,1583,theregister.co.uk
Elizabeth Warren asks CDC to consider legal marijuana as alternative painkiller,6150,3265,theguardian.com
"Woman hits $8M jackpot, casino claims machine malfunctioned",6149,2319,kron4.com
Two police officers who accused a motorist of trying to grab one of their guns were convicted Thursday of misconduct in part because a dashcam video showed the motorist holding his hands up,6146,1346,bigstory.ap.org
Lunch lady fired for giving free lunch to hungry student,6144,4846,idahostatejournal.com
Michigan becomes first state to welcome back sub-$1 gas,6132,2667,fox2detroit.com
Democratic presidential candidate Bernie Sanders was shoved aside onstage by several Black Lives Matter activists and eventually left a Saturday afternoon event in Seattle without giving his speech.,6138,3004,news.yahoo.com
Here’s how much corporations paid US senators to fast-track the TPP bill.,6126,2252,theguardian.com
"Harold Hamm, the billionaire founder and CEO of Continental Resources told a University of Oklahoma dean he wanted scientists dismissed who were researching links between oil and gas activity and this state’s earthquake surge",6130,857,kgou.org
Affluenza Teen Ethan Couch Detained in Mexico,6120,5677,cnn.com
Former President Jimmy Carter said Sunday his cancer is gone.,6114,1734,ajc.com
"NYC Cops livid over proposed ‘police reform’ measures: 'would force cops to get suspects consent for searches, imprison police for using chokeholds, and require cops to give out the Civilian Complaint Review Board’s phone number'",6114,4442,nypost.com
"While Dent was sitting in the back seat of a cruiser, police say they found a small bag of cocaine ... a video released this week shows [the officer] pulling a bag of drugs from his pocket.",6110,2496,theguardian.com
"Man Calls Suicide Line, Police Kill Him: ""Justin Way was in his bed with a knife, threatening suicide. His girlfriend called a non-emergency number to try to get him into a hospital. Minutes later, he was shot and killed in his bedroom by cops with assault rifles.""",6108,9841,thedailybeast.com
Hawaii Becomes First State in The Nation to Ban Plastic Bags,6107,3019,magazine.good.is
Man mistakenly detained for child porn wants public apology,6094,1783,wate.com
"Teens who take nude selfie photos face adult sex charges - After a 16-year-old girl made a sexually explicit nude photo of herself for her boyfriend last fall, the Sheriff's Office concluded that she committed two felony sex crimes against herself and arrested her in February.",6095,5046,fayobserver.com
Journalists storm San Bernardino shooters' apartment after landlord pries open door,6091,3973,mashable.com
A man raising money for affordable housing by riding his bicycle across America died in Oklahoma Thursday morning after being hit by a woman who was texting while driving.,6085,3595,newson6.com
Gunmen Take 170 Hostage at Radisson Hotel in Mali,6093,4736,nbcnews.com
"A federal judge has ruled that FBI agents went too far when they shut off Internet service to a hotel room, then posed as repairmen so they could get a peek into the room without a search warrant",6090,955,nbcnews.com
Man gets eight years in prison for shooting DEA agent during surprise raid on his house. No drugs were found during the raid.,6088,4625,thestate.com
"California will require police to get a court order before they can search messages, photos and other digital data stored on phones or company servers in the nation's most-populous state",6087,510,bigstory.ap.org
Number of Denver Trick-or-Treaters Dosed With Pot Edibles: Zero — Again,6074,1636,westword.com
"""A Beautiful Mind"" is gone: Princeton's John Nash and his wife killed in NJ Turnpike crash",6076,2574,nj.com
Authorities Respond to “20 Victim Shooting” Incident in San Bernardino: Fire Dept.,6076,48770,ktla.com
Billionaire Mark Cuban says Apple deserves a 'standing ovation' for fighting FBI on encryption,6070,2414,appleinsider.com
'Shootings' reported in central Paris,6070,7848,bbc.co.uk
Man who made marriage proposal on I-45 to face charges,6062,2006,click2houston.com
Deputies fatally shoot CNN security guard as he tried to help distressed son,6059,5372,washingtonpost.com
"Santa Ana Mayor Named in Pot Shop Raid Lawsuit. It alleges the city solicited $25,000 payments and gifts from marijuana dispensaries which would guarantee businesses would be granted a license in a lottery system. It also claims police were used to shut down operations that did not pay up.",6057,1687,nbclosangeles.com
Report: VA suicide hotline calls went to voicemail,6057,2481,cbsnews.com
Many Michigan cities have higher lead levels than Flint,6061,902,detroitnews.com
Arrest Warrant Issued for Bill Cosby,6063,7843,people.com
Navy poised to promote admiral who illegally punished suspected whistleblowers,6056,1333,hamptonroads.com
Martin Shkreli Resigns as Turing Pharmaceuticals CEO After Arrest on Securities Fraud,6050,1516,bloomberg.com
Kansas judge bars Wichita mathematician's access to voting machine tapes,6050,1324,cjonline.com
Arizona senate bill introduced to prohibit recording of law enforcement activity,6051,1567,jurist.org
Pot sales of $5 million in five days and no place to put the money? Denver City Council reacts. (calling for the feds to rewrite banking regs to allow for state-legal weed operations to use banks like any other business.),6048,1313,blogs.westword.com
"San Bernardino Shooter's Apple ID Passcode Changed While in Government Possession, Apple Says",6050,1769,abcnews.go.com
"D.C. to pay $9.2 million in wrongful conviction: At 18, a young father was wrongfully convicted of raping &amp; robbing a woman. He was raped repeatedly in prison and contracted HIV. He remained incarcerated for 20 years even after they found and convicted the actual criminal.",6028,2496,washingtonpost.com
United States may have bombed a Doctors Without Borders hospital in northern Afghanistan,6028,4197,bbc.com
Colorado Court Rules Use of Public Funds for Private Schools Is Unconstitutional,6021,4167,nytimes.com
"A federal jury on Wednesday found that D.C. police framed an innocent man for a 1981 rape and murder, making the District liable for damages after he was imprisoned for 27 years",6012,965,washingtonpost.com
"Activist Predicts Death, Says The Cops Killed Him - found stabbed inside a burning home in Fresno last week.",6010,3298,fresnopeoplesmedia.com
"Virginia family suing PETA after worker stole dog from front porch, had dog euthanized",6008,2543,wjtv.com
Netflix asks FCC to stop Comcast/TWC merger citing 'serious' public harm,6002,2053,engadget.com
Wisconsin passed a law requiring outside investigation when police are involved in an incident that results in death,5999,729,npr.org
The drug industry wants us to think Martin Shkreli is a rogue CEO. He isn’t.,5993,913,washingtonpost.com
"Google is bringing free WiFi to NYC by converting old phone booths into Wifi hotspots, complete with charging stations and a Media hub.",5983,1073,metro.co.uk
Texas Strips Planned Parenthood of HIV Prevention Funding Without Warning,5985,5469,houstonpress.com
CIA Agent who leaked confidential info to the New York Times and sentenced to 42 months argued he should be give then same leniency shown to former Gen. David Petraeu who disclosed classified information to his mistress and got no jail time.,5981,1234,firstlook.org
"Pizza in oven, no time to hear foreclosure pleas: ""Garden City's mayor says he didn't allow residents who lost their homes to address the City Council on Monday because a pizza party was planned after the meeting.""",5980,1009,detroitnews.com
Texas man sentenced to life in prison after 10th drunk driving offense,5970,2778,foxnews.com
"19yo Teen charged as a ""sex offender"" and banned from using the Internet after having intercourse with girl who lied about her age and admitted it in court. Judge said he was angry that he used the Internet to meet a girl.",5969,7687,cnn.com
"Chicago Police Deleted Footage of Them Killing Laquan McDonald, Says Burger King District Manager",5970,1923,nbcchicago.com
"Dr. Anjali Ramkissoon, the drunk woman that was caught on camera attacking an Uber driver and smashing his cell phone, HAS been placed on administrative leave and removed from all clinical duties.",5969,5439,nextshark.com
Man held for four months over crystal meth possession is freed after police tests reveal it was just salt,5962,1423,independent.co.uk
"Sleep deprivation linked to false confession in new study. Legal experts are predicting it will be cited in future court cases. “It’s a milestone,” says Lawrence Sherman, head of the Institute of Criminology at the University of Cambridge.",5951,690,newscientist.com
Couple who were shot at by a police officer after knocking on the wrong house looking for New Years party receive $370k in settlement,5954,2787,usatoday.com
Chinese restaurants shut down after seasoning food with opium to 'hook' customers,5952,1646,independent.co.uk
"Alabama will require students to learn about evolution, climate change",5946,4250,al.com
Teen Charged After Posting Facebook Video of Him Pouring Boiling Water on Cat,5945,5666,nbcchicago.com
Army and Marine Corps chiefs: It’s time for women to register for the draft,5939,7731,washingtonpost.com
Militia takes over Malheur National Wildlife Refuge headquarters,5944,8792,oregonlive.com
Md. officials: Letting ‘free range’ kids walk or play alone is not neglect,5943,3367,washingtonpost.com
Instead of buying a yacht a stranger decides to pay for a class of kindergartners to go to college.,5937,1704,money.cnn.com
DA charging two Albuquerque police with murder says she has been physically threatened,5934,2069,freeabq.com
"Red Light Cameras Could be Finished in Texas: Contracted companies would photograph vehicles that run red lights, then send the owner a $75 ticket, however, because ticketed drivers couldn't confront their accusers, the cameras violated a citizens' right to due process.",5932,2878,nbcdfw.com
University of Chicago cancels all classes and activities on Monday due to credible threat of mass shooting,5932,3179,news.uchicago.edu
Americans are flooding the government with appeals to have their student loans forgiven on the grounds that schools deceived them with false promises of a well-paying career—part of a growing protest against years of surging college costs.,5926,7306,wsj.com
Researcher who faked positive results of HIV vaccine given 4.5 year prison sentence,5930,881,washingtonpost.com
States consider allowing kids to learn coding instead of foreign languages,5927,4540,csmonitor.com
"Oregon Sheriff: “These men came to Harney County claiming to be part of militia groups supporting local ranchers, when in reality these men had alternative motives to attempt to over throw the county and federal government in hopes to spark a movement across the United States.""",5926,8687,koin.com
The officer who pepper sprayed a man that gave him the middle finger has been suspended without pay. The chief of police now says he's seeking to fire the officer.,5915,1763,wnyt.com
Army Colonel says he was retaliated against for blowing whistle on $43 million gas station in Afghanistan,5924,692,washingtonpost.com
Prison phone companies fight for right to charge inmates $14 a minute,5916,1555,arstechnica.com
"A Los Angeles police officer is suing the city, alleging he was assigned to desk duty and demoted because he complained about having to meet a traffic citation-writing quota.",5912,1906,nbclosangeles.com
Comcast sued for turning home Wi-Fi routers into public hotspots,5913,3190,sfgate.com
Officer convicted of assault for pointing gun at civilian’s face,5909,1817,washingtonpost.com
"Attorney General bars local and state police from using federal law to seize cash, cars and other property without evidence that a crime occurred.",5914,1253,washingtonpost.com
"Ashley Madison was a bunch of dudes talking to each other, data analysis suggests. The vast majority of ""female"" users were fake accounts maintained by employees.",5909,3129,finance.yahoo.com
"Nearly 4,000 prisoners are currently battling wildfires across California making up about 40% of the nearly 10,000 firefighters deployed across the state. Participants make $2 per day in the program and $2 an hour when they’re on a fire line.",5905,1415,digitaljournal.com
"The Mississippi city of Richland has a new $4.1 million police station, a top-level training center and a fleet of black-and-white Dodge Charger police cars. All of it was paid for through civil forfeitures of property and cash seized during traffic stops",5897,2949,watchdog.org
San Diego Police Stats Since Body Cams: Complaints down 41% and use of force down 47%.,5901,1374,latimes.com
"Three months after Florida police shot and killed a computer engineer walking with an unloaded air rifle, two of the officers involved received awards for bravery, even though the incident was still under investigation.",5896,1708,nbcnews.com
LifeLock ID protection service to pay record $100 million for failing customers,5898,818,arstechnica.com
President Obama declares emergency in Flint,5889,1226,freep.com
"Family earning over $1 million living in NYC public housing | PIX11 Investigates has found over 1,500 households earning six-figure salaries while living in New York City Housing Authority apartments.",5890,2958,pix11.com
"Mother Rejects Payout, Refusing To Stay Silent In Lawsuit Against Cops Who Killed Her Son",5888,1262,msn.com
California Bans Captive Breeding of Killer Whales at SeaWorld,5892,2331,time.com
California Governor Jerry Brown signs Right-to-Die Legislation,5876,1106,nbcsandiego.com
Washington State announces it will not allow professors to ban words they don’t like,5885,4629,thecollegefix.com
Sikh store-owner called terrorist and shot in the face in Michigan,5877,6660,dailysikhupdates.com
Supreme Court rules cops can’t hold suspects to wait for dog,5873,2387,thehill.com
FCC Will Vote On Reclassifying the Internet as a Public Utility,5874,1451,wired.com
"Eight days before the Flint water treatment plant began pumping water from the Flint River for citizens to drink, a city official complained he was being rushed into starting up the plant too quickly.",5871,579,freep.com
"An undercover video taken at one of the nation's largest pork producers shows pigs being dragged across the floor, beaten with paddles, and sick to the point of immobility... ""If the USDA is around, they could shut us down,"" says a worker.",5860,3421,washingtonpost.com
Cops tear down jury nullification activists' tent after altercation less than 24 hrs after receiving a federal injunction allowing the protest,5854,1439,denverpost.com
Martin Shkreli fired as CEO of KaloBios Pharmaceuticals,5848,1715,cnbc.com
SpaceX Makes History - Returns First Stage to Landing Pad Successfully,5842,879,abcnews.go.com
Families Outraged After Illinois Fails to Pay Out $288 Million in Lottery Winnings,5848,1354,news.yahoo.com
"At least 15 people have been killed after two female suicide bombers, one said to be aged as young as 11, blew themselves up at a busy mobile phone market in north-east Nigeria, a day after more than 30 were killed in a bomb blast.",5843,1343,theguardian.com
Josh Duggar Paid for Membership to Cheating Website Ashley Madison,5837,3329,hollywoodreporter.com
Burger King franchisee owner gives $120K in bonuses to employees after winning 'Franchisee of the Year'. Sells Rolex and Corvette prize and gives the money to employees.,5845,1642,syracuse.com
Wal-Mart Heirs See $9 Billion Vanish in a Day as Shares Plummet,5834,4914,bloomberg.com
Rowan County Clerk found in contempt of court; taken into custody,5831,9537,wdrb.com
U.S. honeybee colonies hit a 20-year high,5826,507,washingtonpost.com
Manslaughter charges dropped in BP spill case—nobody from BP will go to prison,5835,1301,arstechnica.com
"An 87-year-old man accused of soliciting a prostitute in Michigan will not be prosecuted: ""87 years without involvement in the criminal justice system has, in my opinion, earned him a pass""",5829,3628,mlive.com
NYPD cop who tackled tennis star James Blake has been sued 4 times for excessive force,5831,1593,nydailynews.com
Cop who berated Uber driver is stripped of badge and gun,5824,3506,nypost.com
Ellen Pao Is Stepping Down as Reddit’s Chief,5823,8924,nytimes.com
Videos Show Police Beating and Tasing Alabama Student After Responding to Noise Complaint,5800,9731,thebiglead.com
"Obama's War on Leaks Faces Backlash in Court: “The Government’s Insistence that Whistleblowing and Accountability Equate to Spying is Coming Under Increasing Scrutiny, Even Mockery.” [The Intercept]",5804,2004,firstlook.org
"Why American Students Are Flocking to Germany — and Staying. students in Germany pay a fee to cover university administrative costs and to support student unions. This ""semester fee"" rarely exceeds $250, and in many cases it also covers the cost of books and public transportation.",5787,7901,nbcnews.com
Pentagon's opening all combat roles to women could subject them to a military draft,5789,7484,denverpost.com
"4,500-year-old megalithic super-henge found buried one mile from Stonehenge: Enormous row of 90 megalithic stones has been found beneath Durrington Walls earthworks.",5786,868,ancient-origins.net
New Hampshire seeks to add PTSD to list of medical marijuana ills,5781,1473,america.aljazeera.com
"A disabled veteran jumped from a parking garage at the Philadelphia Veterans’ Affairs medical center Thursday morning, killing himself. The veteran was seeking psychiatric treatment at the facility",5781,2264,freebeacon.com
Colorado marijuana sales total close to $1 billion in 2015,5777,1358,koaa.com
"Police Violated Ahmed Mohamed’s Civil Rights by Keeping Away His Parents - Juvenile Justice code, Section 52.025.",5780,3855,thedailybeast.com
Pentagon Tells Congress to Stop Buying Equipment it Doesn't Need,5776,1756,military.com
Guantanamo guard: ‘CIA killed prisoners and made it look like suicide’,5771,2467,news.com.au
Physicians want Dr. Oz gone from Columbia medical faculty,5769,1865,yahoo.com
"17 year old brutally assaulted by police officer after complying and requesting his mother be on scene, after his friend is pulled over for a license plate light out. Cops attempt to delete video",5768,8351,revolution-news.com
Drug overdoses are driving up the death rate of young white adults in the United States to levels not seen since the end of the AIDS epidemic more than two decades ago.,5766,3490,nytimes.com
"Police seized more than $24 million in assets from Michiganders in 2013, under asset forfeiture laws. In many cases the citizens were never charged with a crime but lost their property anyway.",5755,1652,freep.com
Video-streaming giant Netflix has said it is going to stop subscribers from using internet proxies to view content not available in their home countries,5761,5604,bbc.com
Hundreds of tech companies line up to oppose Trans-Pacific Partnership due to Internet freedom concerns,5742,409,theguardian.com
‘Most hated man on internet’ maintains 5000% inflation on lifesaving drug,5742,1891,news.com.au
"Florida's Supreme Court says state's voting districts were created in 2012 with ""unconstitutional intent to favor the Republican Party and incumbents,"" must be redrawn",5752,1152,reuters.com
"Judge: “Drug Enforcement Administration does not owe the owner of a small Texas trucking company anything, not even the cost of repairing the bullet holes to a tractor-trailer truck that the agency used without his permission for a wild 2011 drug cartel sting”",5740,1510,blog.chron.com
"Sprint to throttle any ""Unlimited"" users using over 23GB a month. Claims its because its ""unfair"" to users with any other types of contracts.",5744,3092,appleinsider.com
"Adblock extension with 40 million users sells to mystery buyer, refuses to name new owner",5738,1656,tnw.to
Obama Makes His Move To Make The Internet A Public Utility,5737,3315,cnet.com
"No winner for the $900M Powerball jackpot, Wednesday's draw worth $1.3B",5737,8573,cnbc.com
Man in prison for rape convictions cleared by DNA testing after 16 years,5734,2210,freep.com
"Why the CIA destroyed it's interrogation tapes: “I was told, if those videotapes had ever been seen, the reaction around the world would not have been survivable”",5736,5791,pbs.org
"George Clooney Calls for Online Release of 'The Interview ""That's the most important part. We cannot be told we can't see something by Kim Jong Un, of all f***ing people.""",5736,2871,nbcnews.com
"Drug raid in rural Georgia ends in a homeowner dead, no drugs found, and no police punished.",5739,5892,13wmaz.com
600 Christian churches call for an end to the War on Drugs,5732,2233,blog.sfgate.com
Colorado's marijuana tax revenues nearly double last year's figures,5737,2515,theguardian.com
"NBC Cuts Ties With Donald Trump Over ""Derogatory Statements,"" Pulls Miss USA and Miss Universe Pageants",5735,4128,hollywoodreporter.com
Eiffel Tower closed indefinitely after Paris attacks,5728,2018,news.yahoo.com
The two Albuquerque police officers accused of shooting and killing homeless camper James Boyd will face second degree murder charges,5729,1040,koat.com
Teen prosecuted as adult for having naked images – of himself – on phone,5727,2485,theguardian.com
"2,000 cases may be overturned because police used secret Stingray surveillance",5734,955,theguardian.com
Connecticut cops told to prepare for legal recreational marijuana,5724,1893,ctpost.com
News anchor walks off set after finally having enough of covering the Kardashians. Video in Article,5719,903,yahoo.com
Freddie Gray's Death Ruled a Homicide by State's Attorney,5717,9142,abcnews.go.com
Alabama Officer charged with 3rd degree assault after body slamming and paralyzing a 57 year old man who was on a morning walk. *Dash Cam Video and 911 Audio just released*,5717,4766,waaytv.com
Fed ends 'too big to fail' lending to collapsing banks,5710,1998,money.cnn.com
"Marijuana tax to pay for college scholarships: Starting in 2017, high school graduates in one Colorado county will be able to turn to a college scholarship funded by marijuana tax.",5711,770,wtkr.com
"New species combining wolf, coyote, and dog emerges in eastern North America",5700,2213,economist.com
Cop caught on dash cam threatening to ‘blow a hole’ through driver’s head,5697,2734,boston.com
"Parole officer accused of raping woman during home visit: The victim said she recorded the incident on her phone not only so police would believe her, but so that he would not be able to write a false parole violation against her for reporting the rape",5703,2188,wsvn.com
"USA Today: ""The White House is removing a federal regulation that subjects its Office of Administration to the Freedom of Information Act, making official a policy under Presidents Bush and Obama to reject requests for records to that office.""",5690,2552,usatoday.com
Israel has asked the United States to raise the amount of the annual defense aid from the current 3 billion dollars to 5 billion dollars,5695,5012,ynetnews.com
"HPV vaccine should be free for boys, says mother who paid $340 The vaccine is free for girls in Grade 6, but costs more than $300 for boys",5693,3558,cbc.ca
Feds Sued for Allowing Nestlé to Jack Water From SoCal National Forest,5690,632,laweekly.com
"IRS seizes man's bank account because deposits were too small: unknowingly triggered civil forfeiture by ""structuring"". Government offers him half his money back.",5687,2137,dailysignal.com
"DEA agents jail student 5 days with no food, water; get slap on wrist",5690,1826,latimes.com
"Harvard Law Library Readies Trove of Decisions for Digital Age: ""to create a complete, searchable database of American case law that will be offered free on the Internet, allowing instant retrieval of vital records that usually must be paid for.""",5685,441,nytimes.com
“A little girl is dead” – Frustrated mom’s #BlackLivesMatter Facebook rant goes viral,5683,4091,kfor.com
"Heroin addict asks Youngstown judge to send her to jail to get clean: ""There's a three-month waiting list for any rehab around here because of the heroin epidemic. It was faster to go to jail.""",5682,1718,wfmj.com
"A California gun statute going into effect on 1 January gives the police or family members the option to petition the courts to seize the guns and ammunition of someone they think poses a threat, the first law of its kind in the country.",5672,7959,theguardian.com
"""... in our quest to be tolerant of everything, we’ve become intolerant to everything"" - Maine teacher forced to say goodbye to pink Hello Kitty Christmas tree in classroom",5674,7254,boston.com
"Navy SEALs won't change standards for women, admiral says - MilitaryTimes",5669,5929,militarytimes.com
Bill would require IT workers to report child pornography,5666,2819,ksl.com
Bill threatens to slash airline bag fees to $4.50,5662,2494,msn.com
Officers who killed 6 year old may have been stalking family previously,5663,1240,theadvocate.com
Judge oks manslaughter charge for a teen who encouraged boyfriend's suicide,5666,2885,boston.cbslocal.com
Obama lawyers asked secret court to ignore public court's decision on spying,5663,3005,theguardian.com
"Coscto, Lowe's, GameStop, others Refuse to Open Thanksgiving–and Shame Those Who Do [xpost r/business]",5657,2739,time.com
"After Chicago police kill a college student and a 55-year-old mother, mayor demands reform.",5657,4954,washingtonpost.com
Chicago alderman with taxi ties poised to pass nation’s highest ‘Uber tax’,5649,2641,chicagonow.com
"A white Alabama police officer was caught on a secret recording discussing ways to kill a black man and cover it up, it was revealed Tuesday.",5649,3264,nbcnews.com
Florida Man accused of tossing alligator into Wendy's restaurant.,5647,1481,wptv.com
White House wants $10 per barrel fee on oil to fund clean energy,5652,3645,cnbc.com
"Police “disappeared” more than 7,000 people at an off-the-books interrogation warehouse in Chicago, nearly twice as many detentions as previously disclosed, the Guardian can now reveal.",5646,3813,theguardian.com
Videos of Los Angeles police shooting of unarmed men are made public,5644,4225,latimes.com
"As promised, 'Anonymous' delivers names of officers in New Jersey fatal arrest after ultimatum to police department.",5644,4817,philly.com
"No indictment against Planned Parenthood. This grand jury cleared PPGC of breaking the law. However, the grand jury did hand down indictments for two individuals who were involved in making the allegations against PPGC public via covert recordings made in April 2015.",5648,2129,fox26houston.com
Suspect in rape trial makes court appearance with burns on him. Rape victim died in a housefire night before original court date.,5634,3923,wkbn.com
"CBS News finds Peace Corps volunteers blamed, fired after reporting sexual assault",5640,1189,cbsnews.com
FCC to fine AT&amp;T $100M for slowing speeds for unlimited data customers,5638,660,usatoday.com
US to stop approving oil fracking off California coast until review is complete,5631,823,theguardian.com
Obama Bans Hiring Bias Against Ex-Cons Seeking Federal Jobs,5633,3935,nbcnews.com
"Pope Francis called for a bold cultural revolution to correct what he calls the ""structurally perverse"" economic system of the rich exploiting the poor that is turning Earth into an ""immense pile of filth.""",5636,3617,philly.com
"Men are twice as likely as women to have requests for flexible work hours rejected, a new report has found.",5628,4943,abc.net.au
Couple found guilty of having sex on Florida beach. Must register as sex offenders.,5627,5486,miamiherald.com
Meth lab explodes inside a US government building,5622,1268,msn.com
Magnitude-7.1 earthquake strikes off Alaskan coast,5627,1403,accuweather.com
"Girl, 9, denied inhaler during coughing fit, per school district policy",5619,5546,fox43.com
Gun-owners call for the NRA to remove Ted Nugent from board following anti-semitic remarks.,5611,3719,syracuse.com
"Muslim Reform Movement : ""Ideas do not have rights, human beings have rights""",5602,2833,gatestoneinstitute.org
"Vandals destroy dam in California, release 49 million gallons of water into SF Bay - Water could have sustained 500 families for a year",5606,2377,kron4.com
"UPDATE 19yo Teen charged as a ""sex offender"" and banned from using the Internet after having intercourse with girl who lied about her age and admitted it in court to appear before same judge for a re-sentencing decision today",5597,4366,wsbt.com
Man detonates bomb at Mississippi Walmart after threatening the store for refusing to sell Confederate flags.,5594,3273,clarionledger.com
Erin Brockovich: California Methane Gas Leak is Worst U.S. Environmental Disaster Since BP Oil Spill,5593,1330,democracynow.org
"A teenager who spent nearly 40 days in custody before a judge cleared him of throwing a dangerous snowball is suing the Detroit school district, saying his rights were violated by a malicious prosecution.",5603,1174,abcnews.go.com
Obama calls for police to wear body cameras as part of $263m reform package,5595,4404,guardian.co.uk
"In New York, Marijuana arrests drop 40% this year as NYPD mellows out",5596,1176,nypost.com
CIA torture appears to have broken spy agency rule on human experimentation,5589,2068,theguardian.com
"Black woman held in mental hospital because police didn't believe BMW was hers - woman is suing New York City after she claims she was forced to spend eight days in a mental hospital and given a $13,000 (£8,500) bill because a police officer didn’t believe the BMW she was driving was hers.",5590,5424,independent.co.uk
"Colorado pot tax for schools hits record, exceeding 2014 total by May 2015",5583,2236,foxbusiness.com
"General Mills sued over nutritional content of Cheerios Protein - Cereal has twice the protein of regular but twice the serving size, 17x the sugar.",5587,1418,arstechnica.co.uk
"The IRS has been hacked, compromising the information of over 100,000 people.",5589,1591,abcnews.go.com
"Co-pilot has voluntarily crashed the plane, says investigation",5583,11031,bbc.co.uk
Most Americans are one paycheck away from the street,5575,10603,marketwatch.com
A Second Snowden Has Leaked a Mother Lode of Drone Docs,5583,2975,wired.com
"Woman charged with US Navy sailor's death due to her road rage. Police report that she ""rammed his motorcycle -- pushing him 300 feet until he fell, then running over him"". She has mulitple restraining orders against her for threatening to run other people over.",5579,2638,abcnews.go.com
"Five women suffered prolonged miscarriages, severe infections and emotional trauma at Mercy Health Partners in Michigan when staff neglected patients’ health to uphold religious directives forbidding them to terminate pregnancy unless the mother is in grave condition",5578,2474,theguardian.com
Prescription painkiller deaths fall in medical marijuana states,5576,479,reuters.com
"Oklahoma Supreme Court Sides With Homeowners: Yes, You CAN Sue Fracking Companies",5570,729,ringoffireradio.com
Nuns dress up as prostitutes to rescue sex slaves,5569,1735,reuters.com
"Marijuana has huge influence on Colorado tourism, state survey says. A recent Colorado Tourism Office survey of summer travelers shows 48 percent were influenced by legal recreational pot.",5571,1522,denverpost.com
Police Officer Found Not Guilty After Tasing Unresponsive Native American Man 28 Times,5571,1805,mic.com
9 Arrested After Black Lives Matter Activists Shut Down Southbound 405 Fwy Near LAX,5571,5682,ktla.com
Teen Who Worked In Corner Shop For 10 Weeks To Afford Christmas Presents Told He’s On Unpaid Internship,5569,3347,news.yahoo.com
A Brooklyn judge threw the book at a serial rapist who sexually assaulted four women in one week — including a 15-year-old girl — sentencing him to 100 years in prison.,5569,3492,nypost.com
2 Chicago cops under investigation for sex trafficking 14-year-old girl,5568,1536,fox32chicago.com
"A small percent of police officers account for almost half of all complaints, and they are almost never disciplined: study",5552,1135,marketplace.org
Man sues after police turn off dashcam during arrest,5554,1543,usatoday.com
"Survivor Did Not Grant Kentucky County Clerk Kim Davis Rights to ‘Eye of the Tiger’, ""is considering a lawsuit""",5542,1801,yahoo.com
"In U.S., 58% Back Legal Marijuana Use",5546,4174,gallup.com
"FCC: Blocking Wi-Fi in hotels is prohibited: Marriott asked the FCC to please let it block Wi-Fi. The hotel gets a firm answer -- ""Persons or businesses causing intentional interference to Wi-Fi hotspots are subject to enforcement action""",5541,1010,arstechnica.com
FBI really doesn’t want anyone to know about “stingray” use by local cops,5545,2570,arstechnica.com
Oklahoma Takes A Hard Look At What Police Seize — And How It's Spent: State audits have found people in district attorney offices have used seized money and property to live rent-free and pay off student loans,5538,786,npr.org
Inconsistent radar testing casts doubt on validity of millions of speeding tickets,5541,1853,cbc.ca
Silk Road founder Ross Ulbricht sentenced to life in prison,5538,4519,dailydot.com
"FEMA to deny funds to warming deniers - ""Starting next year, the agency will approve disaster-preparedness funds only for states whose governors approve hazard-mitigation plans that address climate change""",5534,3610,philly.com
Illinois General Assembly passes bill to ban citizens from recording police,5527,2741,illinoispolicy.org
"CEO pay at US’s largest companies is up 54% since recovery began in 2009: The average annual earnings of employees at those companies? Well, that was only $53,200. And in 2009, when the recovery began? Well, that was $53,200, too.",5527,3505,theguardian.com
Soldier who attacked Afghan police commander for keeping child sex slave is SACKED,5523,3103,express.co.uk
Ancestry.com Caught Sharing Customer DNA Data With Police With No Warrant,5526,426,policezero.com
Lawsuit: Woman miscarried after cops 'battered' her during 'false' arrest,5524,2298,silive.com
Hollywood Reporter confirms David Bowie passes away.,5525,1371,news.yahoo.com
Cleveland Goes 21 and over with tobacco.,5521,3615,fox8.com
"A county clerk from Kentucky who went to jail rather than issue marriage licenses to gay couples made material changes to the forms upon her return and is not in compliance with a federal court order, lawyers for couples suing her said on Monday.",5527,5001,reuters.com
California voters to be automatically registered at DMV,5521,1873,news.yahoo.com
"Man takes his first selfie. Random mom thinks he aimed camera at her kids, posts his photo online, calls him a ""creep,"" it goes viral.",5524,5733,nakedsecurity.sophos.com
Active shooter in Colorado Springs Planned Parenthood parking lot.,5517,14963,krdo.com
"Boy writes letter asking judge to keep mom in prison: ""Dear Judge Peeler, I feel that my mom should stay in prison because I seen her stab my dad clean through the heart with my sister in his arms.""",5526,2760,aol.com
"Large US tech firms plan 'go slow' day in protest over net neutrality rules: On 10 September, Etsy, Foursquare, Kickstarter, Reddit and others will alter websites to show potential impact of FCC decision.",5515,1935,theguardian.com
Man accused of stealing $5 in snacks died in jail as he waited for space at mental hospital,5523,1277,washingtonpost.com
"Controversial drug CEO Martin Shkreli was accused of serious ""harassment,"" faces $65M lawsuit from former company",5515,1309,cnbc.com
"MH370: Part number on plane wreckage confirms debris is from Boeing 777, Malaysian official says",5514,1696,abc.net.au
Former NFL players call for medical marijuana to be taken off banned list,5508,1424,theguardian.com
Ohio to vote on marijuana legalization,5510,3602,money.cnn.com
Nasa scientists find evidence of flowing water on Mars,5513,920,theguardian.com
People Want DEA Chief to Resign After He Called Medical Marijuana ‘a Joke’,5504,3211,time.com
All Seventeen Miners Rescued From Rural New York Elevator Shaft,5510,685,reuters.com
FIFA officials indicted on corruption charges,5508,1378,nytimes.com
Bees win as US court rules against neonicotinoid pesticide,5503,388,newscientist.com
NYPD Officer Arrested for Allegedly Framing Man in 2014 Altercation Captured on Surveillance Cameras,5502,694,nbcnewyork.com
How the DEA took a young man’s life savings without ever charging him with a crime,5498,2253,washingtonpost.com
California Lawmakers Press On With New Vaccination Bill which will require that all school-aged children in the state receive vaccinations.,5498,3250,diabetesinsider.com
"Oregon marijuana shops began selling marijuana Thursday for the first time to recreational users, marking a big day for the budding pot industry.",5495,1782,bigstory.ap.org
Someone has now sent the Oregon militia 55 gallons of lube to go with their dildos,5487,3371,i100.independent.co.uk
Nearly 80% of supplements found to contain NONE of herbal supplement claimed on label.,5495,3020,washingtonpost.com
Two dozen Disney IT workers prepare to sue over foreign replacement,5492,2087,computerworld.com
"Salesforce CEO: ""Today we are canceling all programs that require our customers/employees to travel to Indiana to face discrimination.""",5490,4705,indystar.com
Prosecutor says officers won't be charged in shooting death of 12-year-old Tamir Rice in Cleveland,5491,6336,cnn.com
"Woman who shot alleged attacker may have slain a serial killer, police say",5490,1922,washingtonpost.com
Vermont quits war on drugs to treat heroin abuse as health issue,5482,1467,businessweek.com
Jury: Aunt who sued 8-year-old gets zero,5484,2626,ctpost.com
"For the first time in 20 years, China has lost a world math championship to the United States",5485,2093,cnn.com
"US veteran’s children taken away over his use of medical marijuana: Tensions running high between courts, family attorneys and child protective services, who are unsure where lines are drawn in a world of legalized cannabis",5477,1135,theguardian.com
"Obama 'will close Guantanamo Bay before he leaves office,' with or without Congress",5480,6596,independent.co.uk
"San Bernardino shooter Syed Rizwan Farook was apparently radicalized, in touch with terrorism subjects under FBI investigation, sources say",5479,12844,cnn.com
Tyson Chicken Factory Farm Caught On Hidden Camera Torturing And Neglecting Animals,5463,3515,marketwatch.com
Americans Name Government as No. 1 U.S. Problem,5462,2033,gallup.com
Man arrested for parodying mayor on Twitter gets $125K in civil lawsuit,5462,769,arstechnica.com
University of California President Janet Napolitano Says ‘We Don’t Have To Listen To This Crap’ As Students Protest Potential UC Tuition Hikes,5466,4441,sanfrancisco.cbslocal.com
Oregon Will Become Second State to Offer Free Community College,5464,872,wweek.com
New Snowden Documents Reveal Obama Administration Expanded NSA Spying,5462,1595,time.com
Seven email chains from Clinton server contain 'top secret' material: AP,5460,5481,reuters.com
Netflix to FCC: reclassify Comcast and Verizon so they can’t choke the internet,5459,1021,gigaom.com
City waits 7 hours before warning people about E.coli in the water. Many people are now sick.,5453,1028,kristv.com
Judge has vacated the sentence of a man who had sex with a 14-year-old who lied about her age.,5446,2731,southbendtribune.com
Facebook deletes medical marijuana dispensary pages,5451,1529,nj.com
University of Cincinnati officer charged with murder in shooting of Samuel Dubose during a traffic stop.,5446,5161,cincinnati.com
"A Michigan doctor who prosecutors allege got at least two patients addicted to prescription drugs and then demanded they have sex with him to get refills, faces at least 5 years in prison when he is sentenced Wednesday.",5443,941,usatoday.com
MU professor charged with 3rd degree assault for actions during campus unrest: Melissa Click was captured on video attempting to force reporters out of protest space,5440,2742,abc17news.com
"Pearl Jam donates $300,000 to Flint water crisis",5438,541,detroitnews.com
"The owner of a credit card processing business in Seattle is raising his employees' minimum wage to $70,000 by cutting his own salary. “The market rate for me as a C.E.O. compared to a regular person is ridiculous, it’s absurd,"" he said.",5435,4348,nytimes.com
"After legendary Oklahoma sportscaster was killed in a motorcycle accident, rival news station has offered to staff his channel's newsroom so his coworkers can attend his memorial service",5441,543,tulsaworld.com
"Pope Francis issued a blistering critique Monday of the Vatican bureaucracy that serves him, denouncing how some people lust for power at all costs, live hypocritical double lives and suffer from “spiritual Alzheimer’s” that has made them forget they’re supposed to be joyful men of God.",5445,2233,washingtonpost.com
GoFundMe Shuts Down Campaign Of Woman Who Blew Life Savings on Powerball Tickets,5429,1506,thesource.com
Joe's Crab Shack Is the First Major Chain to Drop Tipping,5435,3753,eater.com
"A Texas town stands divided, after armed men in camouflage menace worshipers at a local mosque. Selk says the armed protesters aren't Irving residents.",5426,4359,pri.org
2 Los Angeles police officers charged with raping women on duty,5428,1103,foxnews.com
Body cam captures man’s final words—begging the cops to get off of him,5428,3025,arstechnica.com
Ga. voters massively support expanding medical marijuana bill,5426,910,11alive.com
"Marijuana is literally the least of the nation’s drug worries, the police have announced",5429,2553,washingtonpost.com
NY Papa John's owner sentenced for not paying workers minimum wage and faking documents,5430,1061,fortune.com
McDonald's franchisees say the brand is in a 'deep depression' and 'facing its final days',5420,7708,finance.yahoo.com
Ellen Pao Loses Silicon Valley Gender Bias Case Against Kleiner Perkins,5418,3735,nytimes.com
"Saudi prince accused of gay sex, threats, and fart-in-face demand: “I am a prince and I do what I want. You are nobody.”",5426,1443,nypost.com
Texas toddler 'Youngest' diagnosed with type 2 diabetes. 3 year old girl weighed 80 pounds when she saw specialists. Experts blame poor diet and lack of exercise.,5425,2428,bbc.com
"""Florida Cannabis Act"" Would Legalize Marijuana",5422,2079,browardpalmbeach.com
"Rapper handcuffed in Atlanta bank parking lot. he withdrew $200,000, said the bank accused him of ""robbing the bank.""",5413,5454,wsbtv.com
Hawaii just raised the legal smoking age from 18 to 21,5411,3700,hawaiinewsnow.com
"The U.S. has so much crude that it is running out of places to put it, and that could drive oil and gasoline prices even lower in the coming months.",5415,2577,thestar.com
"Jersey cops let K9 maul a man to death, then try to steal the video.",5415,3409,thedailybeast.com
Gillette Suing Dollar Shave Club for Patent Infringement,5414,2982,fox40.com
Bald Eagles poisoned because local county animal shelter is dumping euthanized animals at dump instead of cremating the pets,5413,1126,ocalapost.com
​Judge: No evidence of crimes in Planned Parenthood videos,5407,2437,cbsnews.com
"Man Poses As Armored Truck Driver, Steals $75K From Walmart",5407,1926,newson6.com
NFL teams were paid $5.4 million by Dept. of Defense to salute U.S. troops during games,5406,2383,scout.com
Report: Mayweather received illegal IV before Pacquiao fight,5404,1525,msn.com
"A bill was introduced in the Oregon legislature that (if passed) would end daylight saving time, the state of Washington is considering a similar bill",5406,1605,katu.com
"Obese Americans now outnumber those who are merely overweight, study says",5395,6831,latimes.com
"Troy Haupt owns the only known copy of Super Bowl I. Not only does the NFL not wish to buy this piece of their history from him, but they have warned him not to sell it outside parties or they will sue him.",5398,1689,nytimes.com
Minneapolis councilwoman publishes personal info of people criticizing BLM protests,5396,2875,fox9.com
"Tens of millions of dollars in ISIS cash went up in smoke when one of its banks was hit by an American airstrike, U.S. defense and military officials told NBC News on Monday.",5389,1281,nbcnews.com
"The white officer who shot black man Walter Scott in the back as he was running away has been fired, mayor announces - adding that now all officers will wear bodycams",5396,2296,theguardian.com
"Pistol-whipped cop didn’t shoot black suspect, didn’t want to be labeled murderer",5388,5283,us.tomonews.net
"A nine-year-old Calgary girl, suffering from severe seizures, will not have her medical marijuana prescription renewed despite its ability to stop her having 30+ seizures per day",5385,3189,calgary.ctvnews.ca
Cable companies are reportedly funding fake consumer groups to attack net neutrality,5390,1531,engadget.com
Cop who killed college student and 55-year-old mother sues for ‘extreme emotional trauma’,5394,3470,washingtonpost.com
Ringling Bros. to Retire All Circus Elephants in May — 2 Years Early,5385,644,nbcnews.com
'Don't say his name': Oregon community wants to make shooter anonymous,5386,2220,latimes.com
Federal Court Says It’s 100% Legal To Give Cops The Finger,5380,2954,countercurrentnews.com
"Leaked Data From 30,000 Swiss Bank Accounts Reveals Mass Tax Avoidance",5386,1565,gizmodo.com
"Richard Dawkins has stroke, forcing cancellation of Australia and New Zealand tour",5377,2072,theguardian.com
"Forget Oregon’s Gunman. Remember the Hero Who Charged Straight at Him. ""The Chris to remember is 30-year-old Chris Mintz, the student and Army vet who was shot at least five times while charging straight at the gunman in an effort to save others.""",5379,4015,thedailybeast.com
IRS Erases Hard Drive Despite Court Order,5378,1205,atr.org
Cop—fired for having lapel cam turned off a lot—reinstated to force. Officer said cam accidentally unplugged from battery before fatal shooting of a teen.,5374,875,arstechnica.com
"Egypt to Ben Carson: no, the pyramids were not for storing grain",5384,2302,theguardian.com
Woman fined for Facebook pic of police car in disabled spot,5377,459,yahoo.com
Chicago Releases Dash-Cam Video Showing Teen's Fatal Shooting by Police,5373,5711,nbcchicago.com
Taco Bell Fires the Marketing Manager who punched Uber driver,5376,2104,adweek.com
Boy Scouts of America’s Executive Committee Unanimously Approves End to Ban on Gay Adults,5367,2573,scoutsforequality.org
"Pipeline breach spills up 50,000 gallons of oil into the Yellowstone River.",5373,3572,billingsgazette.com
This 19-Year-Old Will Spend the Next 25 Years as a Registered Sex Offender,5362,4288,abcnews.go.com
"4 More Victims Come Forward From Chicago Secret Prison, Man Tortured Over Weed",5366,2302,theantimedia.org
"A woman, one of “San Diego’s best 50 mothers”, stalks and traumatizes young couple — posting fake ads for parties and sex services — after they outbid her on dream home.",5366,2666,news.nationalpost.com
Suicide has surpassed war as the leading cause of US Military deaths,5361,2077,usatoday.com
"The CEO of a mental health company in Michigan has been charged with embezzling more than $500,000 of company money to send to a psychic",5362,580,battlecreekenquirer.com
19 yr old saves woman from burning car as bystanders film incident.,5355,2598,kptv.com
Texas House Panel approves full legalization of marijuana,5363,2709,chron.com
Smoking ban in all public housing proposed by US government,5357,4413,independent.co.uk
"McDonald's sales continue to plummet worldwide, with plans to close 700 stores. Meanwhile Chipotle reported a 10% increase, and Taco Bell's breakfast is a hit, stealing customers away from McDonald's.",5360,4101,sfgate.com
"""A homeless Portland woman was charged with third-degree theft when she plugged her cellphone charger into an outlet on a sidewalk planter box ... the cost would have amounted to mere fractions of a penny.""",5359,1853,news.streetroots.org
Man who escaped killings at Bataclan had survived 9/11,5356,1394,independent.co.uk
"Chicago student arrested for threatening ""to kill 16 white male students""",5353,4621,reuters.com
GoFundMe Rejects Fund Campaign for SC Cop Who Fatally Shot Walter Scott,5357,3327,mashable.com
"To Protect His Son, A California Father Asks School To Bar Unvaccinated Children",5350,3264,npr.org
TSA Fails to Identify 73 Employees With Links to Terrorism,5357,842,nbcnews.com
Users lash out at Reddit boss for ‘deleting’ posts on hubby’s lawsuit,5346,2494,news.com.au
Macy's dumps Donald Trump,5346,2588,cnn.com
Shocking new video shows unarmed Utah man was listening to headphones when killed by police [NSFW],5350,10616,dailykos.com
"""I have been the biggest hypocrite ever"". Josh Duggar admits being unfaithful to his wife, porn addiction.",5337,1414,joemygod.com
"Ohio high-school student commits suicide after being told, ""his life was ruined"" for smelling like pot.",5335,3798,fox43.com
"US warplanes strike ISIS oil trucks in Syria: 116 trucks were destroyed in the attack... by four A-10 attack planes, and two AC-130 gunships",5334,2998,nytimes.com
Anonymous Hackers Threaten to Release Names of Ku Klux Klan Members,5335,2165,nbcnews.com
"US Border Patrol rejects operating body cameras... may distract agents while they're performing their jobs, may hurt employee morale.",5329,1024,al.com
"People's racist Facebook comments are ending up on billboards near their homes -- The campaign, ""Virtual racism, real consequences,"" is using the location tag from Facebook posts to find where the offenders live.",5329,4500,yahoo.com
Petition to recall Michigan Gov. Rick Snyder approved by state board,5324,657,s.mlive.com
The American Middle Class Is Losing Ground: No longer the majority and falling behind financially (direct link to source),5321,4293,pewrsr.ch
"Quick-thinking teen helps rescue a kidnapped woman by giving her and the kidnapper bus money, accompanying them to their destination, and inviting them to eat at Tim Hortons.",5324,337,cbsnews.com
"The Same Pill That Costs $1,000 in America Sells for $4 in India",5321,1768,bloomberg.com
"Costco shopper who broke leg after shoving receipt checker loses lawsuit seeking $610,000",5322,1703,oregonlive.com
America's Biggest Shopping Mall Just Filed a Restraining Order Against Black Lives Matter,5325,4094,news.yahoo.com
"Arizona officer 'illegally' enters woman's home, arrests her while she is naked",5320,2863,thedenverchannel.com
American who helped craft Uganda’s ‘Kill the Gays’ bill to be tried for crimes against humanity,5327,1610,deathandtaxesmag.com
Blind teacher loses job after rinsing his mouth with Listerine,5322,1750,nypost.com
Gruesome video of dog chewing man's face shows he was sitting in his home with his hands up when Utah police ordered the K9 to attack,5319,3668,sltrib.com
IRS to Recognize Same-Sex Marriages Anywhere in U.S.,5314,750,nbcnews.com
"A Maryland couple known as the ""free range"" parents have been cleared of child neglect in one of two such cases.",5315,2016,nbcwashington.com
"iPhones 'disabled' if Apple detects third-party repairs - notorious ""error 53"" bricks phones after non- Apple repairs",5301,3624,bbc.co.uk
"Food stamps kept nearly 5 million people out of poverty in 2014 in the U.S., 2 million of them kids",5301,3281,npr.org
"Sorry, AT&amp;T and Verizon: 4Mbps isn’t fast enough for “broadband”. FCC chairman says Americans shouldn’t subsidize Internet service under 10Mbps.",5305,1959,arstechnica.com
Soldier uses GoPro to prove wife's domestic abuse,5298,2138,kgw.com
"Why was a 73-year-old insurance company executive riding around playing cop? That’s the question many are asking a week after a Tulsa Police operation went wrong, and a white “reserve deputy sheriff” shot and killed an unarmed black man, apparently by accident. He has not been charged with a crime.",5296,4212,washingtonpost.com
"6 Dead, 3 Hurt in Apparently Random Shootings in Michigan",5297,6686,nbcnews.com
"San Bernardino shooting: Attacker pledged allegiance to ISIS, officials say",5295,13776,cnn.com
Doctor Convicted of Raping 8 Unconscious Patients and Possession of Child Porn Sentenced To 1 Year House Arrest and Probation.,5294,1156,nbcsandiego.com
Planned Parenthood sues anti-abortion group behind secret videos,5294,2454,msnbc.com
Morgan Freeman's Goddaughter Stabbed to Death in Washington Heights: Police,5285,1460,nbcnewyork.com
Hawaii Gov. David Ige has declared a state of emergency to deal with the state's homelessness crisis just days after city and state officials cleared one of the nation's largest homeless encampments.,5288,1670,america.aljazeera.com
A student diversity officer who tweeted the hashtag #killallwhitemen has been charged by police with sending a threatening communication.,5288,4326,theguardian.com
"All 50 US states fail to meet global police use of force standards, report finds",5286,1801,theguardian.com
"Proposed Minnesots bill bans any NSA activity in the state, calls NSA spying ""the biggest threat since the civil war"". [Xpost /r/minnesota]",5279,1643,blog.tenthamendmentcenter.com
Obama Vetoes Keystone XL Pipeline Bill,5286,5966,nbcnews.com
United Airlines flights grounded across the U.S. because of a computer system malfunction.,5284,1948,nbcnews.com
"Two former small town police officers in South Carolina should spend at least a year in prison for shocking a mentally disabled woman at least eight times with a Taser without giving her time to follow their orders, federal prosecutors say.",5282,1571,fayobserver.com
Mississippi school district fined $7500 for opening assembly with prayer,5286,5337,foxnews.com
Wheaton College professor suspended for saying Muslims and Christians worship the same God declared Tuesday that she would fight efforts by the private evangelical college to force her out.,5279,3249,chicagotribune.com
"Hollande: ""We are going to lead a war which will be pitiless. When terrorists are capable of committing such atrocities, they must be certain that they are facing a determined France, a united France, a France that is together, and does not let itself be moved""",5282,3969,theguardian.com
The NYPD will launch a unit of 350 cops to handle both counterterrorism and protests — riding vehicles equipped with machine guns and riot gear — under a re-engineering plan to be rolled out over the coming months.,5272,7560,nypost.com
"Under mounting pressure, the IRS and Justice Dept say they will no longer use a law designed to go after drug dealers and terrorists to seize the bank accounts of small business owners who are not suspected of criminal activity",5275,841,nytimes.com
"DNA gets a kid kicked out of highschool : 6th Grade Colman was out, for having the genetic markers of Cystic Fibrosis, even though he didn't actually have the disease.",5274,1443,wired.com
"Obama says high-speed broadband is a necessity, not a luxury",5273,2232,denverpost.com
"86 percent of Americans support requiring patrol officers in their areas to wear small video cameras while on duty, and 87 percent support having these independent prosecutors handle cases in which unarmed Americans are killed by police.",5282,3259,washingtonpost.com
McDonald’s and Tyson Foods are under fire after an undercover video shows factory farmers at one of their suppliers beating chickens with spikes and stepping on their heads to break their necks.,5265,5627,foxbusiness.com
Australia set to legalize cultivation of medical cannabis,5273,472,reuters.com
"Boston mayor refuses to sign host contract for 2024 Olympics, ""Walsh said it won't happen until he knows the taxpayers won't have to foot the bill""",5267,801,news.yahoo.com
"A Texas woman claims she was forced to give birth alone in jail during a horrific night in solitary confinement nearly two years ago, and that her baby died because of it, according to a federal lawsuit filed this week.",5260,1226,wptv.com
